{
    "rmse": 0.8001035158090257,
    "mae": 0.651921174212564,
    "r2": 0.0955238091060524
}