{
    "rmse": 0.7505620447884767,
    "mae": 0.6221119158983341,
    "r2": 0.10216113703091434
}